observed_at,collected_at,world,players_online,status
2026-10-01T00:02:42Z,2026-10-01T00:03:27.057218Z,Aethera,32,online
2026-10-01T00:02:42Z,2026-10-01T00:03:27.057218Z,Antica,301,online
2026-10-01T00:02:42Z,2026-10-01T00:03:27.057218Z,Astera,387,online
2026-10-01T00:02:42Z,2026-10-01T00:03:27.057218Z,Belobra,475,online
2026-10-01T00:02:42Z,2026-10-01T00:03:27.057218Z,Blumera,180,online
2026-10-01T00:02:42Z,2026-10-01T00:03:27.057218Z,Bona,117,online
2026-10-01T00:02:42Z,2026-10-01T00:03:27.057218Z,Bravoria,20,online
2026-10-01T00:02:42Z,2026-10-01T00:03:27.057218Z,Calmera,228,online
2026-10-01T00:02:42Z,2026-10-01T00:03:27.057218Z,Cantabra,161,online
2026-10-01T00:02:42Z,2026-10-01T00:03:27.057218Z,Celebra,331,online
2026-10-01T00:02:42Z,2026-10-01T00:03:27.057218Z,Celesta,117,online
2026-10-01T00:02:42Z,2026-10-01T00:03:27.057218Z,Citra,32,online
2026-10-01T00:02:42Z,2026-10-01T00:03:27.057218Z,Collabra,289,online
2026-10-01T00:02:42Z,2026-10-01T00:03:27.057218Z,Descubra,347,online
2026-10-01T00:02:42Z,2026-10-01T00:03:27.057218Z,Dia,77,online
2026-10-01T00:02:42Z,2026-10-01T00:03:27.057218Z,Dracobra,126,online
2026-10-01T00:02:42Z,2026-10-01T00:03:27.057218Z,Eclipta,5,online
2026-10-01T00:02:42Z,2026-10-01T00:03:27.057218Z,Epoca,22,online
2026-10-01T00:02:42Z,2026-10-01T00:03:27.057218Z,Escura,1,online
2026-10-01T00:02:42Z,2026-10-01T00:03:27.057218Z,Etebra,166,online
2026-10-01T00:02:42Z,2026-10-01T00:03:27.057218Z,Ferobra,422,online
2026-10-01T00:02:42Z,2026-10-01T00:03:27.057218Z,Firmera,44,online
2026-10-01T00:02:42Z,2026-10-01T00:03:27.057218Z,Floribra,201,online
2026-10-01T00:02:42Z,2026-10-01T00:03:27.057218Z,Gentebra,375,online
2026-10-01T00:02:42Z,2026-10-01T00:03:27.057218Z,Gladera,159,online
2026-10-01T00:02:42Z,2026-10-01T00:03:27.057218Z,Gladibra,35,online
2026-10-01T00:02:42Z,2026-10-01T00:03:27.057218Z,Harmonia,66,online
2026-10-01T00:02:42Z,2026-10-01T00:03:27.057218Z,Havera,353,online
2026-10-01T00:02:42Z,2026-10-01T00:03:27.057218Z,Honbra,280,online
2026-10-01T00:02:42Z,2026-10-01T00:03:27.057218Z,Hostera,26,online
2026-10-01T00:02:42Z,2026-10-01T00:03:27.057218Z,Idyllia,11,online
2026-10-01T00:02:42Z,2026-10-01T00:03:27.057218Z,Ignibra,11,online
2026-10-01T00:02:42Z,2026-10-01T00:03:27.057218Z,Ignitera,52,online
2026-10-01T00:02:42Z,2026-10-01T00:03:27.057218Z,Inabra,515,online
2026-10-01T00:02:42Z,2026-10-01T00:03:27.057218Z,Issobra,220,online
2026-10-01T00:02:42Z,2026-10-01T00:03:27.057218Z,Jadebra,307,online
2026-10-01T00:02:42Z,2026-10-01T00:03:27.057218Z,Jinxibra,51,online
2026-10-01T00:02:42Z,2026-10-01T00:03:27.057218Z,Junera,97,online
2026-10-01T00:02:42Z,2026-10-01T00:03:27.057218Z,Kalanta,55,online
2026-10-01T00:02:42Z,2026-10-01T00:03:27.057218Z,Kalibra,411,online
2026-10-01T00:02:42Z,2026-10-01T00:03:27.057218Z,Kalimera,47,online
2026-10-01T00:02:42Z,2026-10-01T00:03:27.057218Z,Kanda,33,online
2026-10-01T00:02:42Z,2026-10-01T00:03:27.057218Z,Karmeya,51,online
2026-10-01T00:02:42Z,2026-10-01T00:03:27.057218Z,Lobera,398,online
2026-10-01T00:02:42Z,2026-10-01T00:03:27.057218Z,Luminera,232,online
2026-10-01T00:02:42Z,2026-10-01T00:03:27.057218Z,Lutabra,23,online
2026-10-01T00:02:42Z,2026-10-01T00:03:27.057218Z,Luzibra,131,online
2026-10-01T00:02:42Z,2026-10-01T00:03:27.057218Z,Maligna,27,online
2026-10-01T00:02:42Z,2026-10-01T00:03:27.057218Z,Menera,255,online
2026-10-01T00:02:42Z,2026-10-01T00:03:27.057218Z,Monstera,60,online
2026-10-01T00:02:42Z,2026-10-01T00:03:27.057218Z,Monza,81,online
2026-10-01T00:02:42Z,2026-10-01T00:03:27.057218Z,Mystera,12,online
2026-10-01T00:02:42Z,2026-10-01T00:03:27.057218Z,Nefera,376,online
2026-10-01T00:02:42Z,2026-10-01T00:03:27.057218Z,Nevia,127,online
2026-10-01T00:02:42Z,2026-10-01T00:03:27.057218Z,Noctalia,24,online
2026-10-01T00:02:42Z,2026-10-01T00:03:27.057218Z,Oceanis,26,online
2026-10-01T00:02:42Z,2026-10-01T00:03:27.057218Z,Ombra,306,online
2026-10-01T00:02:42Z,2026-10-01T00:03:27.057218Z,Opulera,69,online
2026-10-01T00:02:42Z,2026-10-01T00:03:27.057218Z,Ourobra,346,online
2026-10-01T00:02:42Z,2026-10-01T00:03:27.057218Z,Pacera,290,online
2026-10-01T00:02:42Z,2026-10-01T00:03:27.057218Z,Peloria,139,online
2026-10-01T00:02:42Z,2026-10-01T00:03:27.057218Z,Penumbra,7,online
2026-10-01T00:02:42Z,2026-10-01T00:03:27.057218Z,Premia,61,online
2026-10-01T00:02:42Z,2026-10-01T00:03:27.057218Z,Quelibra,398,online
2026-10-01T00:02:42Z,2026-10-01T00:03:27.057218Z,Quidera,238,online
2026-10-01T00:02:42Z,2026-10-01T00:03:27.057218Z,Quintera,327,online
2026-10-01T00:02:42Z,2026-10-01T00:03:27.057218Z,Rasteibra,379,online
2026-10-01T00:02:42Z,2026-10-01T00:03:27.057218Z,Refugia,112,online
2026-10-01T00:02:42Z,2026-10-01T00:03:27.057218Z,Retalia,10,online
2026-10-01T00:02:42Z,2026-10-01T00:03:27.057218Z,Secura,200,online
2026-10-01T00:02:42Z,2026-10-01T00:03:27.057218Z,Serdebra,428,online
2026-10-01T00:02:42Z,2026-10-01T00:03:27.057218Z,Sinistra,16,online
2026-10-01T00:02:42Z,2026-10-01T00:03:27.057218Z,Solidera,318,online
2026-10-01T00:02:42Z,2026-10-01T00:03:27.057218Z,Sombra,26,online
2026-10-01T00:02:42Z,2026-10-01T00:03:27.057218Z,Sonira,24,online
2026-10-01T00:02:42Z,2026-10-01T00:03:27.057218Z,Stralis,10,online
2026-10-01T00:02:42Z,2026-10-01T00:03:27.057218Z,Talera,360,online
2026-10-01T00:02:42Z,2026-10-01T00:03:27.057218Z,Tempestera,26,online
2026-10-01T00:02:42Z,2026-10-01T00:03:27.057218Z,Terribra,114,online
2026-10-01T00:02:42Z,2026-10-01T00:03:27.057218Z,Thyria,104,online
2026-10-01T00:02:42Z,2026-10-01T00:03:27.057218Z,Tornabra,227,online
2026-10-01T00:02:42Z,2026-10-01T00:03:27.057218Z,Unebra,214,online
2026-10-01T00:02:42Z,2026-10-01T00:03:27.057218Z,Ustebra,613,online
2026-10-01T00:02:42Z,2026-10-01T00:03:27.057218Z,Venebra,396,online
2026-10-01T00:02:42Z,2026-10-01T00:03:27.057218Z,Victoris,13,online
2026-10-01T00:02:42Z,2026-10-01T00:03:27.057218Z,Vunira,151,online
2026-10-01T00:02:42Z,2026-10-01T00:03:27.057218Z,Wickera,87,online
2026-10-01T00:02:42Z,2026-10-01T00:03:27.057218Z,Wintera,368,online
2026-10-01T00:02:42Z,2026-10-01T00:03:27.057218Z,Xybra,91,online
2026-10-01T00:02:42Z,2026-10-01T00:03:27.057218Z,Xyla,66,online
2026-10-01T00:02:42Z,2026-10-01T00:03:27.057218Z,Xymera,121,online
2026-10-01T00:02:42Z,2026-10-01T00:03:27.057218Z,Yonabra,346,online
2026-10-01T00:02:42Z,2026-10-01T00:03:27.057218Z,Yovera,314,online
2026-10-01T00:02:42Z,2026-10-01T00:03:27.057218Z,Yubra,147,online
2026-10-01T00:02:42Z,2026-10-01T00:03:27.057218Z,Zuna,2,online
2026-10-01T00:02:42Z,2026-10-01T00:03:27.057218Z,Zunera,15,online
2026-10-01T06:21:01Z,2026-10-01T06:21:40.791279Z,Aethera,49,online
2026-10-01T06:21:01Z,2026-10-01T06:21:40.791279Z,Antica,297,online
2026-10-01T06:21:01Z,2026-10-01T06:21:40.791279Z,Astera,194,online
2026-10-01T06:21:01Z,2026-10-01T06:21:40.791279Z,Belobra,73,online
2026-10-01T06:21:01Z,2026-10-01T06:21:40.791279Z,Blumera,74,online
2026-10-01T06:21:01Z,2026-10-01T06:21:40.791279Z,Bona,155,online
2026-10-01T06:21:01Z,2026-10-01T06:21:40.791279Z,Bravoria,26,online
2026-10-01T06:21:01Z,2026-10-01T06:21:40.791279Z,Calmera,107,online
2026-10-01T06:21:01Z,2026-10-01T06:21:40.791279Z,Cantabra,14,online
2026-10-01T06:21:01Z,2026-10-01T06:21:40.791279Z,Celebra,34,online
2026-10-01T06:21:01Z,2026-10-01T06:21:40.791279Z,Celesta,149,online
2026-10-01T06:21:01Z,2026-10-01T06:21:40.791279Z,Citra,30,online
2026-10-01T06:21:01Z,2026-10-01T06:21:40.791279Z,Collabra,42,online
2026-10-01T06:21:01Z,2026-10-01T06:21:40.791279Z,Descubra,54,online
2026-10-01T06:21:01Z,2026-10-01T06:21:40.791279Z,Dia,99,online
2026-10-01T06:21:01Z,2026-10-01T06:21:40.791279Z,Dracobra,31,online
2026-10-01T06:21:01Z,2026-10-01T06:21:40.791279Z,Eclipta,12,online
2026-10-01T06:21:01Z,2026-10-01T06:21:40.791279Z,Epoca,19,online
2026-10-01T06:21:01Z,2026-10-01T06:21:40.791279Z,Escura,1,online
2026-10-01T06:21:01Z,2026-10-01T06:21:40.791279Z,Etebra,18,online
2026-10-01T06:21:01Z,2026-10-01T06:21:40.791279Z,Ferobra,72,online
2026-10-01T06:21:01Z,2026-10-01T06:21:40.791279Z,Firmera,20,online
2026-10-01T06:21:01Z,2026-10-01T06:21:40.791279Z,Floribra,34,online
2026-10-01T06:21:01Z,2026-10-01T06:21:40.791279Z,Gentebra,62,online
2026-10-01T06:21:01Z,2026-10-01T06:21:40.791279Z,Gladera,74,online
2026-10-01T06:21:01Z,2026-10-01T06:21:40.791279Z,Gladibra,6,online
2026-10-01T06:21:01Z,2026-10-01T06:21:40.791279Z,Harmonia,112,online
2026-10-01T06:21:01Z,2026-10-01T06:21:40.791279Z,Havera,161,online
2026-10-01T06:21:01Z,2026-10-01T06:21:40.791279Z,Honbra,37,online
2026-10-01T06:21:01Z,2026-10-01T06:21:40.791279Z,Hostera,33,online
2026-10-01T06:21:01Z,2026-10-01T06:21:40.791279Z,Idyllia,11,online
2026-10-01T06:21:01Z,2026-10-01T06:21:40.791279Z,Ignibra,1,online
2026-10-01T06:21:01Z,2026-10-01T06:21:40.791279Z,Ignitera,32,online
2026-10-01T06:21:01Z,2026-10-01T06:21:40.791279Z,Inabra,81,online
2026-10-01T06:21:01Z,2026-10-01T06:21:40.791279Z,Issobra,23,online
2026-10-01T06:21:01Z,2026-10-01T06:21:40.791279Z,Jadebra,44,online
2026-10-01T06:21:01Z,2026-10-01T06:21:40.791279Z,Jinxibra,6,online
2026-10-01T06:21:01Z,2026-10-01T06:21:40.791279Z,Junera,47,online
2026-10-01T06:21:01Z,2026-10-01T06:21:40.791279Z,Kalanta,44,online
2026-10-01T06:21:01Z,2026-10-01T06:21:40.791279Z,Kalibra,42,online
2026-10-01T06:21:01Z,2026-10-01T06:21:40.791279Z,Kalimera,20,online
2026-10-01T06:21:01Z,2026-10-01T06:21:40.791279Z,Kanda,50,online
2026-10-01T06:21:01Z,2026-10-01T06:21:40.791279Z,Karmeya,94,online
2026-10-01T06:21:01Z,2026-10-01T06:21:40.791279Z,Lobera,184,online
2026-10-01T06:21:01Z,2026-10-01T06:21:40.791279Z,Luminera,136,online
2026-10-01T06:21:01Z,2026-10-01T06:21:40.791279Z,Lutabra,2,online
2026-10-01T06:21:01Z,2026-10-01T06:21:40.791279Z,Luzibra,13,online
2026-10-01T06:21:01Z,2026-10-01T06:21:40.791279Z,Maligna,32,online
2026-10-01T06:21:01Z,2026-10-01T06:21:40.791279Z,Menera,94,online
2026-10-01T06:21:01Z,2026-10-01T06:21:40.791279Z,Monstera,18,online
2026-10-01T06:21:01Z,2026-10-01T06:21:40.791279Z,Monza,112,online
2026-10-01T06:21:01Z,2026-10-01T06:21:40.791279Z,Mystera,5,online
2026-10-01T06:21:01Z,2026-10-01T06:21:40.791279Z,Nefera,142,online
2026-10-01T06:21:01Z,2026-10-01T06:21:40.791279Z,Nevia,154,online
2026-10-01T06:21:01Z,2026-10-01T06:21:40.791279Z,Noctalia,23,online
2026-10-01T06:21:01Z,2026-10-01T06:21:40.791279Z,Oceanis,31,online
2026-10-01T06:21:01Z,2026-10-01T06:21:40.791279Z,Ombra,32,online
2026-10-01T06:21:01Z,2026-10-01T06:21:40.791279Z,Opulera,54,online
2026-10-01T06:21:01Z,2026-10-01T06:21:40.791279Z,Ourobra,52,online
2026-10-01T06:21:01Z,2026-10-01T06:21:40.791279Z,Pacera,132,online
2026-10-01T06:21:01Z,2026-10-01T06:21:40.791279Z,Peloria,137,online
2026-10-01T06:21:01Z,2026-10-01T06:21:40.791279Z,Penumbra,0,offline
2026-10-01T06:21:01Z,2026-10-01T06:21:40.791279Z,Premia,56,online
2026-10-01T06:21:01Z,2026-10-01T06:21:40.791279Z,Quelibra,53,online
2026-10-01T06:21:01Z,2026-10-01T06:21:40.791279Z,Quidera,115,online
2026-10-01T06:21:01Z,2026-10-01T06:21:40.791279Z,Quintera,123,online
2026-10-01T06:21:01Z,2026-10-01T06:21:40.791279Z,Rasteibra,48,online
2026-10-01T06:21:01Z,2026-10-01T06:21:40.791279Z,Refugia,136,online
2026-10-01T06:21:01Z,2026-10-01T06:21:40.791279Z,Retalia,15,online
2026-10-01T06:21:01Z,2026-10-01T06:21:40.791279Z,Secura,311,online
2026-10-01T06:21:01Z,2026-10-01T06:21:40.791279Z,Serdebra,64,online
2026-10-01T06:21:01Z,2026-10-01T06:21:40.791279Z,Sinistra,24,online
2026-10-01T06:21:01Z,2026-10-01T06:21:40.791279Z,Solidera,218,online
2026-10-01T06:21:01Z,2026-10-01T06:21:40.791279Z,Sombra,3,online
2026-10-01T06:21:01Z,2026-10-01T06:21:40.791279Z,Sonira,27,online
2026-10-01T06:21:01Z,2026-10-01T06:21:40.791279Z,Stralis,24,online
2026-10-01T06:21:01Z,2026-10-01T06:21:40.791279Z,Talera,206,online
2026-10-01T06:21:01Z,2026-10-01T06:21:40.791279Z,Tempestera,35,online
2026-10-01T06:21:01Z,2026-10-01T06:21:40.791279Z,Terribra,22,online
2026-10-01T06:21:01Z,2026-10-01T06:21:40.791279Z,Thyria,129,online
2026-10-01T06:21:01Z,2026-10-01T06:21:40.791279Z,Tornabra,26,online
2026-10-01T06:21:01Z,2026-10-01T06:21:40.791279Z,Unebra,29,online
2026-10-01T06:21:01Z,2026-10-01T06:21:40.791279Z,Ustebra,100,online
2026-10-01T06:21:01Z,2026-10-01T06:21:40.791279Z,Venebra,50,online
2026-10-01T06:21:01Z,2026-10-01T06:21:40.791279Z,Victoris,30,online
2026-10-01T06:21:01Z,2026-10-01T06:21:40.791279Z,Vunira,148,online
2026-10-01T06:21:01Z,2026-10-01T06:21:40.791279Z,Wickera,63,online
2026-10-01T06:21:01Z,2026-10-01T06:21:40.791279Z,Wintera,187,online
2026-10-01T06:21:01Z,2026-10-01T06:21:40.791279Z,Xybra,10,online
2026-10-01T06:21:01Z,2026-10-01T06:21:40.791279Z,Xyla,69,online
2026-10-01T06:21:01Z,2026-10-01T06:21:40.791279Z,Xymera,41,online
2026-10-01T06:21:01Z,2026-10-01T06:21:40.791279Z,Yonabra,38,online
2026-10-01T06:21:01Z,2026-10-01T06:21:40.791279Z,Yovera,152,online
2026-10-01T06:21:01Z,2026-10-01T06:21:40.791279Z,Yubra,15,online
2026-10-01T06:21:01Z,2026-10-01T06:21:40.791279Z,Zuna,3,online
2026-10-01T06:21:01Z,2026-10-01T06:21:40.791279Z,Zunera,3,online
